SE1 RoR;SE2 RoR;SE3 RoR;SE4 RoR;NO1 RoR;NO2 RoR;NO3 RoR;NO4 RoR;NO5 RoR;DK RoR;FI1 RoR;FI2 RoR;BNL_RoR;DE_RoR;BAL RoR;PL RoR;IE ROR;UK RoR;FR RoR;CEN RoR;SP RoR;MED RoR
0;0;0;0;3.773654248;0.913621555;0.018055762;0.054167286;0.122779181;0;4.294737711;5.837537289;4.280234;88.14911779;5.252789;2.832820284;0;5.818394261;349.9549811;99.57350712;166.0318751;150.1180158
0;0;0;0;3.745997594;0.906925733;0.017923433;0.0537703;0.121879348;0;4.262216511;5.793333489;4.835305;118.6848057;5.67749;4.656762145;0;6.048341278;359.8849347;105.1938589;170.6851656;152.8300123
0;0;0;0;3.715235113;0.899477975;0.017776245;0.053328734;0.120878463;0;4.230045;5.749605;5.83705;109.4391134;5.046216;4.60431735;0;6.319909674;384.6622871;125.2143358;190.3667408;155.5216036
0;0;0;0;3.68906482;0.893142009;0.017651028;0.052953084;0.120026989;0;4.199017931;5.707432069;6.64657;125.6622055;5.008635;3.092665363;0;6.506176446;410.6646228;113.3338877;205.7606614;155.1528644
0;0;0;0;3.651761614;0.884110707;0.017472544;0.052417631;0.118813297;0;4.165034388;5.661240612;7.00691;137.6810055;4.979137;3.287512461;0;6.564228379;439.9691601;118.5959718;207.5789591;155.7412288
0;0;0;0;3.794618583;0.918697131;0.01815607;0.054468209;0.123461274;0;4.131909177;5.616215823;7.07472;143.5887673;4.949933;3.43998836;0;6.541661599;453.0028496;121.4538833;209.0854831;156.4178901
0;0;0;0;3.729359233;0.902897498;0.017843824;0.053531472;0.121338004;0;4.096145393;5.567604607;7.00834;144.6756575;4.920872;3.542771767;0;6.476100862;453.1996475;123.8083355;209.5929411;158.1962458
0;0;0;0;3.556885982;0.861140817;0.017018593;0.05105578;0.115726434;0;4.26186682;5.79285818;6.87103;143.4177453;4.893251;3.609783628;0;6.381837118;447.810221;123.0534845;213.0064175;161.7886211
0;0;0;0;3.526611559;0.85381122;0.01687374;0.050621219;0.114741429;0;4.024109184;5.469690816;6.68678;140.9326748;4.934852;3.647409621;0;6.266459911;439.7531827;121.5313489;215.6581787;166.6721893
0;0;0;0;3.84116902;0.929967236;0.018378799;0.055136397;0.124975834;0;3.9877096;5.4202154;6.47214;137.5759919;4.838174;3.669767886;0;6.138123961;429.967492;126.000532;215.2375115;188.192628
0;0;0;0;4.340467749;1.050850087;0.020767788;0.062303365;0.14122096;0;4.309806186;5.858018814;6.24066;133.6432348;5.450471;3.675629117;0;6.00179477;418.4639893;118.716275;209.1773235;182.0555361
0;0;0;0;3.515020168;0.851004883;0.016818278;0.050454835;0.114364293;0;4.51380281;6.13529719;6.00008;129.3534315;9.93587;3.893249842;0;5.860863408;405.5720609;116.9077486;199.1587818;184.9775857
0;0;0;0;3.611212079;0.874293451;0.017278527;0.05183558;0.117493982;0;4.59861861;6.25058139;5.76147;125.0711293;10.44604;3.665886972;0;5.7591716;392.0055161;114.8822497;187.2185539;185.102279
0;0;0;0;3.767442593;0.91211768;0.018026041;0.054078123;0.12257708;0;4.11477435;5.59292565;5.59967;139.42198;19.31401;3.787386877;0;5.753802402;378.6682909;113.0799648;174.7897274;183.4624546
0;0;0;0;4.088193221;0.989773096;0.019560733;0.058682199;0.133012985;0;4.799595181;6.523754819;5.34166;117.6309198;10.788448;9.328670347;0;5.783393547;365.17763;111.3721965;162.741037;180.6291338
0;0;0;0;4.647500973;1.125184446;0.022236847;0.06671054;0.151210558;0;5.380112923;7.312812077;5.15783;115.2478625;11.781403;3.705761798;0;5.806606247;352.7510119;108.6462352;151.5384203;177.3307185
0;0;0;0;5.244855111;1.269807027;0.025095001;0.075285002;0.170646004;0;6.613121035;8.988753965;4.98676;113.0778326;4.81876;3.774615521;0;5.819403509;341.1274291;106.7583149;141.3775872;174.1443819
0;0;0;0;6.255801932;1.514562573;0.029932067;0.0897962;0.203538053;0;11.962493;16.259782;4.82163;110.8530457;5.004516;3.838321262;0;5.868574061;330.2360012;104.9241091;132.5489059;171.1741614
0;0;0;0;7.010813785;1.697354916;0.033544564;0.100633691;0.228103032;0;4.20849136;5.72030864;4.65972;108.4909911;5.225769;3.890568864;0;5.94228952;320.2543464;103.1296784;130.274446;168.8936314
0;0;0;0;7.371607402;1.78470495;0.035270849;0.105812546;0.239841772;0;3.645617085;4.955232915;4.50435;106.0261732;5.453082;3.928933281;0;6.047897209;311.9488091;101.3541257;133.8582715;166.8569782
0;0;0;0;7.692912642;1.86249464;0.036808194;0.110424583;0.250295722;0;11.85742695;16.11697305;4.36586;103.5636057;5.671384;3.951904101;0;6.192784822;306.6227582;99.63273454;148.2037076;164.7172661
0;0;0;0;8.074744542;1.954938152;0.038635141;0.115905424;0.262718961;0;7.724723021;10.49967698;4.2563;101.239806;5.860417;3.966735489;0;6.327781806;307.89027;98.26607396;164.1718838;165.7215009
0;0;0;0;8.272814988;2.00289205;0.039582847;0.11874854;0.269163358;0;4.986234449;6.777440551;4.163068;99.04802333;6.023614;3.971170221;0;6.40848126;311.5552134;96.5539305;174.6577852;163.823002
0;0;0;0;8.279618229;2.00453915;0.039615398;0.118846195;0.269384708;0;3.871739569;5.262585431;4.082326;97.25979271;6.15684;3.974539274;0;6.430563602;314.7073149;95.46226115;176.0233481;166.7959646
0;0;0;0;8.446334607;2.044902063;0.040413084;0.121239253;0.274808973;0;3.828759449;5.204165551;4.003051;95.96137527;6.2715;3.979389369;0;6.466533193;315.8539126;94.72014712;172.5457244;172.7840673
0;0;0;0;8.630133036;2.08940063;0.041292503;0.123877508;0.280789017;0;10.71378061;14.56249439;3.921055;94.68696092;6.37213;3.983983533;0;6.579730425;314.7865343;94.14038941;166.4261585;179.2795493
0;0;0;0;8.832233662;2.138330255;0.042259491;0.126778474;0.28736454;0;3.457992326;4.700207674;3.845332;93.30228235;6.49898;3.987814101;0;6.691474341;312.3615843;93.53766079;158.9304608;182.7108294
0;0;0;0;8.998247532;2.178523087;0.043053816;0.129161448;0.292765948;0;3.415393686;4.642306314;3.782518;92.20789122;6.64781;4.075648644;0;6.793933177;309.6347663;93.6576379;151.1002799;183.1941303
0;0;0;0;9.035739306;2.187600042;0.043233202;0.129699607;0.293985776;0;3.39848139;4.61931861;3.735265;91.80208888;6.84662;4.034452208;0;6.851096972;306.9654867;93.36678404;143.3366278;182.050814
0;0;0;0;8.892908219;2.153019885;0.0425498;0.1276494;0.289338641;0;3.380361073;4.594688927;3.710638;91.52980377;7.07202;4.091759685;0;6.826390586;305.4611505;93.81179265;135.8225265;180.5411989
0;0;0;0;8.647399958;2.093581042;0.041375119;0.124125358;0.281350812;0;3.360015453;4.567034547;3.695794;91.03624012;7.27284;4.143789117;0;6.745004844;305.1050797;93.97201343;128.9095832;179.1732928
0;0;0;0;8.438680961;2.043049075;0.040376464;0.121129392;0.274559955;0;3.339924154;4.539725846;3.67563;90.26814106;7.43169;4.182057035;0;6.639235675;304.0510437;93.79929675;122.5754002;178.0835513
0;0;0;0;8.074042034;1.954768071;0.03863178;0.11589534;0.262696104;0;3.331277266;4.527972734;3.648263;89.23300757;7.54812;4.20632429;0;6.550987048;301.5060136;93.35272671;116.6209614;177.0409753
0;0;0;0;7.821397764;1.893601564;0.037422956;0.112268867;0.254476099;0;3.298978595;4.484071405;3.65232;88.77169808;7.63214;4.21761041;0;6.487485177;300.1667874;92.68957844;111.2435256;175.3580588
0;0;0;0;7.58176839;1.835586031;0.036276404;0.108829211;0.246679546;0;3.268714486;4.442935514;3.743718;87.64730308;7.69139;4.220547319;0;6.41752412;315.866421;92.06515718;106.7565489;173.0631098
0;0;0;0;7.344135619;1.778053887;0.035139405;0.105418215;0.238947953;0;3.242455921;4.407244079;3.835448;87.70356033;8.00443;4.21761041;0;6.325278872;344.0552144;93.68455131;103.6254678;181.2422467
0;0;0;0;7.107612072;1.720790291;0.034007713;0.10202314;0.23125245;0;3.217755068;4.373669932;3.910068;87.54604002;9.3321;4.217652366;0;6.220034512;359.0710588;91.65615992;100.5545257;173.5545892
0;0;0;0;6.972027916;1.687964653;0.033358985;0.100076956;0.2268411;0;3.245285234;4.411089766;3.964725;87.10273285;8.04189;4.217064984;0;6.200535845;362.7068161;91.04476315;97.38830037;173.8897157
0;0;0;0;7.895863673;1.911630152;0.037779252;0.113337756;0.256898914;0;3.431161541;4.663738459;3.997394;86.39389144;7.7201;4.190834196;0;6.351963384;360.3986105;90.48773802;94.31225461;172.7097158
0;0;0;0;6.818991968;1.650913845;0.032626756;0.097880267;0.22186194;0;3.549038973;4.823961027;4.008019;85.60628987;7.70014;4.173699432;0;6.611420806;355.627096;89.74072148;91.38331867;170.5158839
0;0;0;0;6.853895552;1.659364186;0.032793759;0.098381276;0.222997559;0;4.851476511;6.594273489;3.989581;84.79243491;7.67633;4.154806719;0;6.781579984;349.6506115;88.84704508;88.65428334;167.8671314
0;0;0;0;6.949584616;1.682531012;0.033251601;0.099754803;0.226110887;0;3.129099032;4.253165968;3.953179;83.84656293;7.65109;4.133728107;0;6.869626761;342.9778294;87.8497836;86.04533498;164.8533283
0;0;0;0;7.748780561;1.876020557;0.037075505;0.111226515;0.252113435;0;4.046934426;5.500715574;3.901719;82.71541706;7.61709;4.109469243;0;6.932805673;335.4803309;86.77247436;83.59018618;161.6197374
0;0;0;0;7.386803772;1.788384071;0.035343559;0.106030676;0.240336199;0;4.61890065;6.27814935;3.836487;81.39224642;7.57989;4.08094347;0;6.923964662;327.4232926;85.59143946;81.28951745;158.279949
0;0;0;0;6.892570499;1.668727594;0.032978806;0.098936419;0.224255882;0;3.326476971;4.521448029;3.760959;79.89055276;7.5382;4.050324101;0;6.857112088;318.9059474;84.34236338;79.00674242;154.8664407
0;0;0;0;7.650170541;1.852146552;0.036603687;0.10981106;0.24890507;0;3.182499924;4.325750076;3.676622;78.26584324;7.49856;4.016985994;0;6.749485904;310.0125182;83.0333677;76.75389348;151.3980296
0;0;0;0;8.305758943;2.010867955;0.039740473;0.11922142;0.270235219;0;9.076498686;12.33705131;3.587444;76.58112597;7.45349;3.983790536;0;6.611420806;300.8730916;81.69811351;74.53540495;147.8835507
0;0;0;0;6.707736794;1.623978382;0.032094434;0.096283303;0.218242154;0;6.859970619;9.324279381;3.494603;74.82950008;7.40892;3.948694479;0;6.450869667;291.6936384;80.35003242;72.33646119;144.350291
0;0;0;0;6.981382373;1.690229417;0.033403743;0.10021123;0.227145455;0;19.2434272;26.1562478;3.396857;73.02319214;7.36483;3.914064132;0;6.27582573;282.5800623;78.94834905;70.23026195;140.8337787
0;0;0;0;6.377335916;1.54398659;0.030513569;0.091540707;0.207492269;0;3.86213898;5.24953602;3.296377;71.23451147;7.31177;3.879635174;0;6.090245246;273.5598819;77.60326582;68.75911038;137.3571798
0;0;0;0;6.248924743;1.512897569;0.029899161;0.089697484;0.203314298;0;2.878034089;3.911910911;3.19536;69.43202902;7.26045;3.84517265;0;5.901314059;265.3394014;76.25107496;68.54666854;133.9505845
0;0;0;0;6.108866716;1.478988784;0.029229027;0.087687082;0.198757386;0;2.860355653;3.887881847;3.093053;67.70448123;7.21703;3.816386751;0;5.714159149;258.1821296;74.9101273;69.13555937;130.7109687
0;0;0;0;5.967033931;1.44465032;0.028550402;0.085651205;0.194142731;0;2.939204465;3.995055535;2.990762;66.11877674;7.16138;3.797645079;0;5.529224583;251.7828632;73.63952582;70.05965731;127.7375835
0;0;0;0;5.828861586;1.411198068;0.02788929;0.08366787;0.189647171;0;2.835562609;3.854182391;2.890462;64.70626958;7.11777;3.788150473;0;5.353453988;245.8047109;72.44139286;71.92738498;125.1447232
0;0;0;0;5.705478895;1.381326469;0.027298942;0.081896826;0.185632806;0;2.815070755;3.826329245;2.790852;63.53191814;7.07454;3.785184196;0;5.186928102;240.1451044;71.31586877;73.87273642;122.8438423
0;0;0;0;5.59958497;1.355688993;0.026792273;0.080376818;0.182187454;0;3.336331881;4.534843119;2.689153;62.6329272;7.03221;3.7875547;0;5.02815324;234.634764;70.27439187;76.42533983;120.7583411
0;0;0;0;5.543162439;1.342028801;0.026522308;0.079566925;0.180351697;0;2.862224907;3.890422593;2.587696;62.00832165;6.99273;3.795140315;0;4.874263136;229.1619486;69.5483068;81.25708935;118.7275964
0;0;0;0;5.482931571;1.327446591;0.026234122;0.078702367;0.178392032;0;2.776366394;3.773721106;2.491182;61.61152048;6.94872;3.810303155;0;4.726630369;224.0093467;69.11639719;87.70678829;116.6798646
0;0;0;0;5.407726179;1.30923897;0.025874288;0.077622864;0.175945158;0;2.763802974;3.756644526;2.396098;61.46195119;6.90734;3.82961123;0;4.588080832;219.6330957;68.08607427;93.78337089;114.9641331
0;0;0;0;5.318470615;1.287629728;0.025447228;0.076341683;0.173041149;0;2.753264579;3.742320421;2.307962;61.74946327;6.86203;3.859408265;0;4.472017336;216.1149168;67.92123071;98.31224332;113.6279725
0;0;0;0;5.219269009;1.263612497;0.024972579;0.074917737;0.169813537;0;2.741375107;3.726159893;2.233198;62.65175463;6.81395;3.907619716;0;4.395395244;214.252842;68.10535277;102.7458958;112.8308883
0;0;0;0;5.117331317;1.238932845;0.024484839;0.073454517;0.166496904;0;2.728814866;3.709087634;2.174671;64.66441418;6.76271;3.968422114;0;4.343237318;214.960814;68.6839713;105.6605053;112.5094777
0;0;0;0;5.012028978;1.213438595;0.023981;0.071943;0.163070799;0;2.720018565;3.697131435;2.133719;66.93660721;6.71243;4.02500795;0;4.297821167;217.1973051;70.43025713;106.9093722;112.6450902
0;0;0;0;4.90691151;1.187989102;0.023478046;0.070434137;0.159650709;0;2.705697156;3.677665344;2.097854;68.64420242;6.65825;4.070827918;0;4.275536976;219.2261577;72.44190315;106.7657694;113.0465032
0;0;0;0;4.812257722;1.165072922;0.023025157;0.06907547;0.156571065;0;2.802806162;3.809658838;2.064776;69.91246598;6.60307;4.109263659;0;4.274891058;221.1040764;74.59828567;105.5845255;113.3369699
0;0;0;0;4.749179846;1.149801437;0.022723349;0.068170046;0.15451877;0;3.163603931;4.300066069;2.033986;71.31064629;6.54457;4.137277571;0;4.271822944;223.9042766;76.88848256;103.7497155;113.5789365
0;0;0;0;4.71630984;1.141843435;0.022566076;0.067698227;0.153449315;0;2.826111433;3.841336067;2.005793;73.03931922;6.48492;4.155532555;0;4.279735447;225.5378657;79.20239395;101.3586614;114.1059903
0;0;0;0;4.712834271;1.141001981;0.022549446;0.067648339;0.153336235;0;2.732607417;3.714242583;1.97694;74.19026765;6.42894;4.174811262;0;4.330036357;225.4961713;81.29184936;98.42008683;114.4583067
0;0;0;0;4.776947422;1.156524113;0.022856208;0.068568623;0.155422213;0;4.057043656;5.514456344;1.947322;74.57701752;6.3789;4.227763722;0;4.430597807;224.1377656;83.6211448;95.02739236;114.7542618
0;0;0;0;5.058098751;1.224592329;0.024201429;0.072604288;0.16456972;0;3.56725466;4.84872034;1.916451;74.31275844;6.36077;4.349771293;0;4.535842167;221.656945;86.80368696;91.24514575;115.2283381
0;0;0;0;5.414566394;1.310895022;0.025907016;0.077721049;0.17616771;0;2.968117498;4.034355002;1.889017;73.59791626;6.48769;4.573605678;0;4.635717328;218.2738562;91.05190694;87.24438392;115.5567932
0;0;0;0;5.649721898;1.367827407;0.027032162;0.081096487;0.183818703;0;3.363957417;4.572392583;1.865557;73.16173501;6.84857;4.939754259;0;4.676490939;214.9216212;96.78326347;83.25930248;115.8343219
0;0;0;0;5.835221137;1.412737749;0.027919718;0.083759155;0.189854085;0;16.35317302;22.22772698;1.842841;73.01779144;7.26507;5.264492429;0;4.663653307;211.7161508;102.7893918;79.3101689;116.1986092
0;0;0;0;6.044790539;1.463475604;0.028922443;0.086767328;0.196672611;0;2.736352282;3.719332718;1.817016;72.40233707;7.71902;5.491851104;0;4.61642051;208.3672514;107.0233381;75.64395743;116.5379374
0;0;0;0;6.191466936;1.498986732;0.029624244;0.088872731;0.201444857;0;2.9141571;3.9610104;1.783819;71.36562838;8.23073;5.652458044;0;4.545652055;205.2585122;109.7582313;72.24322504;116.9942668
0;0;0;0;6.33329972;1.533325195;0.030302869;0.090908608;0.206059512;0;2.797125283;3.801937217;1.749709;70.03210641;8.76196;5.772661514;0;4.457645648;202.1380985;111.7772587;69.16398881;117.5884296
0;0;0;0;6.563685561;1.58910282;0.031405194;0.094215582;0.21355532;0;4.381619864;5.955630136;1.707332;68.53536339;9.28693;5.885732492;0;4.354298674;198.579059;113.841043;66.21309753;118.144334
0;0;0;0;6.901592188;1.670911793;0.033021972;0.099065917;0.224549411;0;2.803909276;3.811158224;1.665845;66.91777978;9.82459;5.98097224;0;4.240334413;195.2376646;116.2133953;63.35507869;118.122328
0;0;0;0;7.144845027;1.729804586;0.034185861;0.102557584;0.232463857;0;2.873284659;3.905455341;1.621017;65.23043718;10.41595;6.081372555;0;4.11857876;192.0630481;118.8366834;60.59159373;117.4438341
0;0;0;0;7.227593143;1.74983834;0.034581785;0.103745356;0.235156141;0;2.994376063;4.070046437;1.576084;63.40335156;10.91219;6.165368139;0;3.997089547;189.4846625;121.5344239;57.85214156;116.3742509
0;0;0;0;7.35415561;1.780479779;0.035187347;0.105562042;0.239273962;0;19.12825192;25.99969808;1.531491;61.60484462;11.24737;6.187269085;0;3.87595559;187.9453028;123.7057138;55.18949434;115.3134251
0;0;0;0;7.992403142;1.935002866;0.038241163;0.11472349;0.260039911;0;10.32298577;14.03131423;1.48135;59.59428534;11.44343;6.143425237;0;3.752750657;187.5241887;125.3440103;52.80738213;114.4062875
0;0;0;0;8.758581184;2.120498602;0.041907087;0.125721261;0.284968192;0;3.394761956;4.614263044;1.424089;57.25893417;11.59777;6.053388013;0;3.622678801;188.3047091;126.8233045;50.69478738;113.6407635
0;0;0;0;9.279435835;2.246600255;0.044399215;0.133197644;0.301914659;0;3.257460816;4.427639184;1.365835;54.78774048;11.82322;5.950722082;0;3.494165225;190.9898326;128.8130548;48.87167603;113.1491159
0;0;0;0;9.761911333;2.363410112;0.04670771;0.140123129;0.317612426;0;16.83228057;22.87894443;1.3097;52.35525178;12.12152;5.891983912;0;3.369482752;193.7074778;131.2049922;47.3721412;112.9986413
0;0;0;0;10.71107437;2.59320748;0.05124916;0.153747479;0.348494286;0;14.23296875;19.34588125;1.254575;50.08935957;12.38651;5.901717666;0;3.247464694;195.2118141;134.5863406;46.22314402;113.3500444
0;0;0;0;11.51748027;2.788442593;0.055107561;0.165322683;0.374731416;0;3.814867205;5.185282795;1.201179;47.9145291;12.61334;5.926975079;0;3.129269667;194.8941023;139.1803552;45.7900892;113.8042615
0;0;0;0;11.97329742;2.898798323;0.057288504;0.171865513;0.38956183;0;4.215548746;5.729901254;1.150193;45.94980073;12.73484;5.890095899;0;3.016920203;193.1512736;146.0063569;45.98503447;114.2301871
0;0;0;0;12.38278597;2.997937657;0.05924778;0.177743339;0.402884903;0;4.404921956;5.987303044;1.100971;44.1079382;12.6938;5.85774795;0;2.908962985;189.5046758;154.4290254;46.86946014;114.1998312
0;0;0;0;12.5730179;3.043993808;0.06015798;0.180473941;0.409074267;0;4.874111012;6.625038988;1.057381;42.4012431;12.64785;5.792087066;0;2.804473543;184.9374642;163.5279303;48.67572645;114.2500902
0;0;0;0;12.48823621;3.023467714;0.059752326;0.179256979;0.406315819;0;5.111360008;6.947514992;1.015452;40.83556619;12.59789;5.672596845;0;2.710250169;180.8605795;173.2685194;50.31226198;114.7816336
0;0;0;0;12.43802533;3.011311397;0.059512083;0.178536249;0.404682164;0;5.342823218;7.262126782;0.977729;39.30656901;12.49951;5.536450158;0;2.631399657;177.6367635;178.9610756;51.16460609;115.859922
0;0;0;0;12.37598273;2.996290557;0.059215228;0.177645685;0.402663553;0;5.567356201;7.567318799;0.943572;38.0797108;12.36457;5.398625237;0;2.567942193;174.8207194;181.1133051;51.42428398;116.0081145
0;0;0;0;12.19029862;2.951335456;0.058326788;0.174980363;0.396622156;0;5.599909192;7.611565808;0.920125;37.02289951;12.19894;5.286435331;0;2.511226504;171.802874;181.6075134;51.24299421;115.1359661
0;0;0;0;12.08092913;2.924856526;0.057803489;0.173410466;0.393063723;0;5.672263301;7.709911699;0.897125;36.10133066;12.0438;5.199922397;0;2.455875318;168.3330607;180.3679196;50.69923443;113.9506085
0;0;0;0;11.88744348;2.878012631;0.05687772;0.17063316;0.386768496;0;5.701955189;7.750269811;0.876094;35.26437273;11.87709;5.133044795;0;2.402046078;164.2319932;177.1647905;49.84133364;112.3041616
0;0;0;0;11.59593939;2.807437958;0.055482964;0.166448891;0.377284152;0;5.718613165;7.772911835;0.856297;34.48502222;11.70755;5.052363722;0;2.348822386;159.834895;171.9632313;48.63266093;110.3387385
0;0;0;0;11.26953172;2.728412943;0.053921204;0.161763613;0.36666419;0;5.717246193;7.771053807;0.836974;33.70574672;11.53246;4.954061199;0;2.294855888;155.1742878;165.7641338;47.13320233;108.0594761
0;0;0;0;10.9847939;2.659476418;0.052558822;0.157676467;0.357399993;0;6.632004313;9.014420687;0.817587;32.96555127;11.34961;4.843297792;0;2.242855405;150.3060421;159.1557434;45.52244757;105.4189059
0;0;0;0;10.80654159;2.616320596;0.051705941;0.155117822;0.351600396;0;19.53945596;26.55861904;0.799261;32.29128932;11.18594;4.725276025;0;2.192921861;145.7980367;152.7399539;44.04739345;102.7808129
0;0;0;0;10.73263029;2.598426282;0.051352298;0.154056894;0.349195627;0;9.695800264;13.17882474;0.781645;31.66165812;11.07451;4.712143849;0;2.145454919;142.6117457;147.4653373;42.82207215;100.2500923
0;0;0;0;10.63357658;2.574444857;0.050878357;0.152635071;0.345972827;0;5.730089366;7.788510634;0.76403;31.13344;11.06801;4.933670662;0;2.099941881;141.0406983;144.5713147;41.77345656;98.13455781
0;0;0;0;10.56070056;2.556801189;0.050529668;0.151589003;0.343601741;0;5.85098685;7.95283815;0.743961;30.55924095;11.22939;5.142904416;0;2.05668552;141.6961353;144.3940893;40.93351093;96.52121823
0;0;0;0;10.68142112;2.58602827;0.051107278;0.153321834;0.347529491;0;6.118086684;8.315888316;0.722861;29.9106323;11.46318;5.30821041;0;2.013869192;142.5175162;146.7249222;40.24515964;96.0439079
0;0;0;0;11.04517266;2.674094434;0.052847716;0.158543148;0.359364469;0;6.568996473;8.928778527;0.698388;29.06504826;11.68323;5.332922397;0;1.968622595;142.8719191;148.7368569;39.68252555;96.92595367
0;0;0;0;11.72937905;2.839744401;0.056121431;0.168364293;0.38162573;0;7.24955744;9.85381756;0.671003;28.09749848;11.79792;5.257401893;0;1.914514803;141.8837603;149.7512002;39.27997939;99.33103821
0;0;0;0;12.91643368;3.127136574;0.061801118;0.185403354;0.420247603;0;8.363543678;11.36798132;0.642881;27.03251114;11.78167;5.124359937;0;1.852446063;139.8307249;151.2893823;39.00379762;103.9494086
0;0;0;0;14.5059148;3.51195832;0.069406291;0.208218873;0.471962778;0;9.833610045;13.36613995;0.614445;25.94704616;11.72252;4.963585174;0;1.783179369;136.8437335;152.1862245;38.74506852;110.1579165
0;0;0;0;16.37458762;3.964373846;0.078347309;0.235041928;0.532761703;0;11.57230217;15.72942283;0.587676;24.96299425;11.61161;4.804488644;0;1.714078191;133.202139;151.8711584;38.72920502;116.1968682
0;0;0;0;18.56434384;4.494525351;0.088824612;0.266473835;0.604007359;0;13.89945954;18.89256546;0.565789;24.08770637;11.4006;4.62789653;0;1.649478258;129.797369;150.6873859;39.52537067;119.8248957
0;0;0;0;20.78915154;5.033163005;0.099469625;0.298408874;0.676393447;0;16.99202547;23.09607453;0.545746;23.26229993;11.09989;4.429864984;0;1.594191664;127.5642135;149.2970652;41.17373777;122.1881062
0;0;0;0;23.03547819;5.577010508;0.110217599;0.330652797;0.749479673;0;20.29332474;27.58330026;0.526118;22.46292184;10.72655;4.223190536;0;1.543914976;125.5778892;147.7651274;42.54077944;124.6708049
0;0;0;0;24.90396614;6.029381276;0.119157733;0.357473198;0.810272583;0;22.88987082;31.11260418;0.507409;21.69954839;10.30795;4.027567256;0;1.49660144;123.3672487;146.9442222;43.41758143;127.5776345
0;0;0;0;26.36995365;6.384304568;0.126172027;0.378516081;0.857969784;0;24.26418562;32.98061438;0.491054;20.95995302;9.88205;3.868735047;0;1.456429341;120.8505709;146.0152779;44.11752469;131.0324915
0;0;0;0;27.22490659;6.591293175;0.130262711;0.390788133;0.885786435;0;24.70816518;33.58408482;0.474163;20.24818623;9.45117;3.737962902;0;1.425429286;117.9894967;144.0050244;44.5892706;135.9708098
0;0;0;0;27.69484786;6.705068429;0.132511234;0.397533701;0.90107639;0;24.62684628;33.47355372;0.461045;19.54729584;9.05425;3.617965016;0;1.399867057;114.8640797;140.1149391;45.61665501;141.6090735
0;0;0;0;27.29042476;6.607155468;0.130576195;0.391728585;0.887918126;0;24.27041647;32.98908353;0.449431;18.91518932;8.674799;3.505963912;0;1.377558644;111.8754205;135.6753408;46.73014249;146.8232532
0;0;0;0;26.45225808;6.404230903;0.126565828;0.379697484;0.860647631;0;23.7543689;32.2876561;0.438905;18.33296424;8.314859;3.413367382;0;1.36137031;109.0251869;132.0149593;47.26177584;150.6151295
0;0;0;0;25.71554842;6.225869618;0.123040902;0.369122705;0.83667813;0;23.22783063;31.57196937;0.42903;17.78186817;7.996077;3.330693407;0;1.353308438;106.1899633;128.4661388;47.70423852;154.2228673
0;0;0;0;25.24904575;6.112926866;0.120808831;0.362426494;0.821500053;0;22.75822831;30.93367169;0.422006;17.25214985;7.707672;3.239447855;0;1.354640645;103.5440326;124.5744333;48.24523067;158.3394461
0;0;0;0;25.14574001;6.087916003;0.120314546;0.360943637;0.81813891;0;22.40084479;30.44790521;0.417428;16.77186292;7.451456;3.140587319;0;1.368939668;101.8729185;120.7008721;48.81826218;162.9313744
0;0;0;0;25.02076743;6.057659484;0.119716591;0.359149772;0.814072816;0;22.31742775;30.33452225;0.4123772;16.34700813;7.242995;3.042515552;0;1.400508939;100.8755869;117.2692341;48.88486051;158.5864941
0;0;0;0;24.71528712;5.983701093;0.118254962;0.354764887;0.804133744;0;22.44376133;30.50623867;0.4097411;15.9901121;7.055066;2.951760883;0;1.453938517;99.83405921;113.9843759;48.53407911;152.6858474
0;0;0;0;24.10809787;5.836697378;0.115349751;0.346049252;0.784378304;0;22.5063559;30.5913191;0.4086418;15.64776795;6.91742;2.868730284;0;1.527625717;98.61324529;111.1733764;47.85929708;146.3481723
0;0;0;0;23.54420532;5.700176025;0.1126517;0.3379551;0.766031561;0;22.50756392;30.59296108;0.4061882;15.24819142;6.821353;2.786761167;0;1.609475713;96.9704834;107.7695857;46.96924497;137.8245037
0;0;0;0;24.18130666;5.854421611;0.115700032;0.347100096;0.786760217;0;22.60048618;30.71926382;0.403409;14.82873733;6.711879;2.697516909;0;1.692649842;95.17511977;103.722648;46.03314722;127.7472634
0;0;0;0;25.89938382;6.270377136;0.123920497;0.37176149;0.842659378;0;23.05247683;31.33362317;0.403911;14.38903062;6.55809;2.597695584;0;1.765085574;93.63242459;99.28386457;45.24554372;117.3728391
0;0;0;0;27.12093532;6.566121183;0.129765241;0.389295722;0.882403637;0;23.69736938;32.21018062;0.4016126;13.96072539;6.399269;2.503181672;0;1.833068506;92.41327845;94.74996489;44.66500361;107.5605178
0;0;0;0;27.93455118;6.763101865;0.13365814;0.400974419;0.908875349;0;24.16048654;32.83966346;0.4003188;13.59625339;6.232882;2.411722145;0;1.910175037;90.92978941;90.3740089;44.0385911;98.82978362
0;0;0;0;29.32640555;7.100077133;0.14031773;0.42095319;0.954160563;0;24.56914738;33.39512762;0.3966428;13.26973628;6.050596;2.332064795;0;1.978125672;89.37458589;86.7814527;43.18320958;91.58087708
0;0;0;0;30.54411174;7.39489021;0.146144075;0.438432226;0.993779712;0;25.25323704;34.32496296;0.3936981;12.99587596;5.8493;2.26315653;0;2.037796439;87.73015622;84.49066193;42.20583076;85.98906406
0;0;0;0;31.92905194;7.730191522;0.152770583;0.45831175;1.038839967;0;26.31473794;35.76778706;0.3914597;12.82380377;5.657922;2.205404322;0;2.09649429;86.11741434;83.64151544;41.1124181;81.97461814
0;0;0;0;33.94270035;8.217706401;0.162405265;0.487215795;1.104355801;0;27.47090955;37.33929045;0.3901427;12.68638605;5.477459;2.155737003;0;2.16080356;84.76317814;83.37507626;40.00443733;78.75412185
0;0;0;0;35.52034975;8.599663624;0.169953827;0.50986148;1.155686021;0;28.91748308;39.30551692;0.3896977;12.58977359;5.309742;2.109124069;0;2.213453999;83.37808804;84.53613485;38.83705365;76.66603762
0;0;0;0;36.74278863;8.89562251;0.175802816;0.527408449;1.195459152;0;30.63096571;41.63453429;0.3881216;12.52984086;5.156499;2.082838738;0;2.246379698;81.85782448;86.09168347;37.63340873;75.48352428
0;0;0;0;36.93313148;8.941705516;0.176713548;0.530140643;1.201652125;0;31.83326465;43.26873535;0.3876393;12.44613006;5.051625;2.070495331;0;2.261033976;80.21989915;86.22511401;36.44047674;74.16519392
0;0;0;0;36.61101281;8.86371889;0.17517231;0.52551693;1.191171709;0;32.45030914;44.10744086;0.3865706;12.37262058;5.066134;2.066094164;0;2.285163073;78.51259422;85.41155015;35.34505218;72.55880311
0;0;0;0;36.3063829;8.789966387;0.173714751;0.521144252;1.181260305;0;32.97834154;44.82515846;0.387217;12.32123896;5.15875;2.054182902;0;2.343332078;76.9129444;84.14426234;34.34712095;70.6691634
0;0;0;0;36.62502601;8.867111559;0.175239359;0.525718077;1.19162764;0;34.04585076;46.27614924;0.3866472;12.25530546;5.258889;2.037539022;0;2.441802367;75.27977224;82.45916312;33.43311205;68.52295549
0;0;0;0;38.21129038;9.251154513;0.182829141;0.548487422;1.243238156;0;35.41250415;48.13374585;0.3892044;12.21420015;5.343659;2.017907886;0;2.564494603;73.8926808;81.01937239;32.46003315;66.42624041
0;0;0;0;39.10865266;9.468410643;0.18712274;0.56136822;1.272434632;0;35.73358346;48.57016654;0.3957797;12.30226151;5.420947;2.011547382;0;2.6771751;72.89626649;81.12278265;31.46032758;65.04685715
0;0;0;0;39.51610763;9.567057637;0.189072285;0.567216856;1.28569154;0;35.13116239;47.75133761;0.4043648;12.44935548;5.484226;2.054531136;0;2.767341298;72.03319108;81.56754089;30.44590484;63.97927367
0;0;0;0;39.06539292;9.457937232;0.186915756;0.560747267;1.271027138;0;33.70379003;45.81120997;0.4161532;12.59299901;5.529495;2.116088738;0;2.841609824;71.13459199;81.3747354;29.36060889;62.88375639
0;0;0;0;37.75318084;9.140243782;0.180637229;0.541911687;1.228333156;0;31.84184796;43.28040204;0.4279866;12.68173545;5.557085;2.147660505;0;2.915115359;70.10648989;80.35098968;28.33325722;61.74928979
0;0;0;0;36.52342108;8.842512472;0.174753211;0.524259633;1.188321834;0;29.88596635;40.62190865;0.4429649;12.73776767;5.546958;2.145214479;0;2.982492742;69.12708692;78.72412662;27.37916218;60.44794542
0;0;0;0;35.11352333;8.501168807;0.168007289;0.504021866;1.142449563;0;27.92687395;37.95905105;0.4608451;12.78734907;5.487522;2.128830726;0;3.035603398;68.37175;77.06061473;26.49828172;59.20257104
0;0;0;0;33.33832113;8.07138301;0.159513498;0.478540495;1.084691788;0;26.29928798;35.74678702;0.478998;12.88943723;5.411879;2.10079164;0;3.0631599;67.88951183;75.84844639;25.63414691;58.18488391
0;0;0;0;31.13148286;7.53709585;0.148954463;0.44686339;1.012890351;0;24.9832761;33.9580239;0.492755;13.0108779;5.323424;2.073511956;0;3.066466195;67.4837413;75.10794848;24.77657824;57.43448138
0;0;0;0;28.66852475;6.940800729;0.137169975;0.411509925;0.932755829;0;23.89631139;32.48058861;0.506376;13.12046703;5.225011;2.044033785;0;3.050084085;67.04986871;74.70022931;23.90853323;56.94038258
0;0;0;0;26.31796801;6.371718572;0.125923292;0.377769876;0.856278385;0;22.98282487;31.23895013;0.512895;13.16982339;5.11787;2.010892871;0;3.021457781;66.36616288;74.45112136;23.08568512;56.91267261
0;0;0;0;24.29359711;5.88160772;0.116237307;0.34871192;0.790413686;0;22.25705848;30.25246652;0.516855;13.15444641;5.019454;1.966482618;0;2.98267037;65.53143971;74.11767434;22.35018908;57.36588111
0;0;0;0;22.45646322;5.436827938;0.107447192;0.322341577;0.730640909;0;21.68439288;29.47408212;0.51869;13.10231469;4.912299;1.91940817;0;2.934412177;64.70130292;73.60631502;21.61646657;57.95734434
0;0;0;0;20.67601069;5.005771008;0.098928281;0.296784842;0.672712309;0;21.12628711;28.71548789;0.518485;12.99445078;4.807079;1.875203502;0;2.875803139;63.92336761;72.95375373;21.00099612;58.31674129
0;0;0;0;18.98229947;4.595714609;0.090824399;0.272473198;0.617605916;0;20.49185347;27.85314653;0.516769;12.88186126;4.710553;1.829467445;0;2.816641034;63.1122435;72.35113836;20.40415861;59.10165351
0;0;0;0;17.48107561;4.232260411;0.08364151;0.25092453;0.568762269;0;19.84375013;26.97222487;0.518111;12.74091808;4.607174;1.781419621;0;2.75742241;62.28919477;71.76317366;19.89106275;60.30353114
0;0;0;0;16.2345296;3.93046506;0.077677175;0.233031525;0.528204791;0;19.25588889;26.17318611;0.519626;12.54716809;4.491834;1.727158139;0;2.70321773;61.67712004;71.12118243;19.40016048;61.12818078
0;0;0;0;15.26739713;3.696317199;0.073049747;0.219149241;0.49673828;0;18.64351754;25.34083246;0.518593;12.38754751;4.378456;1.678069811;0;2.655452051;61.24208;70.91522867;18.94753801;61.38490232
0;0;0;0;14.47855394;3.505334112;0.069275378;0.207826133;0.471072568;0;17.98609971;24.44725029;0.519011;12.21480023;4.267067;1.62957306;0;2.604166115;60.80637285;71.40950723;18.46573457;61.27785117
0;0;0;0;13.76550773;3.332701872;0.065863673;0.19759102;0.447872979;0;17.30070666;23.51564334;0.515068;12.09028417;4.174543;1.578378549;0;2.561188307;60.29661633;72.08784553;17.99874706;63.29596298
0;0;0;0;13.13173407;3.179261933;0.062831263;0.18849379;0.427252592;0;16.64748512;22.62776488;0.513691;11.92413775;4.069986;1.528790946;0;2.528581529;59.81162632;72.7442391;17.55224288;66.5283692
0;0;0;0;12.59438895;3.049167852;0.060260234;0.180780703;0.409769593;0;16.08887071;21.86847929;0.513442;11.75011531;3.976826;1.478087319;0;2.51433095;59.21281042;73.60172906;17.09648261;68.61964934
0;0;0;0;12.11010172;2.931919365;0.05794307;0.173829211;0.394012879;0;15.663234;21.289941;0.508994;11.59304505;3.881104;1.437629306;0;2.514028176;58.59214662;73.6089703;16.67535144;69.08758511
0;0;0;0;11.65872147;2.82263783;0.055783356;0.167350069;0.379326823;0;15.24249295;20.71805705;0.510652;11.41474706;3.804308;1.397897129;0;2.51955078;57.71614593;72.68839104;16.22768232;68.60051397
0;0;0;0;11.25928988;2.72593334;0.0538722;0.161616601;0.366330963;0;14.81924048;20.14275952;0.510366;11.23262357;3.734837;1.362671009;0;2.523135628;56.81754684;71.53827264;15.76307603;67.58285075
0;0;0;0;10.89173;2.636945158;0.052113541;0.156340622;0.354372077;0;14.41531636;19.59373364;0.5080677;11.04794975;3.67014;1.326182019;0;2.524047988;55.85081899;71.42072378;15.30934889;66.55858398
0;0;0;0;10.53474472;2.550517143;0.050405477;0.151216431;0.342757244;0;14.02703293;19.06596707;0.5033881;10.87970306;3.612252;1.295478738;0;2.51457317;54.91853076;73.30013598;14.88699775;65.9137087
0;0;0;0;10.17979302;2.464581467;0.048707144;0.146121431;0.331208577;0;13.66710621;18.57674379;0.4997901;10.71123133;3.566411;1.266726404;0;2.495740606;53.93704307;74.66142678;14.50164957;65.26123023
0;0;0;0;9.821809433;2.377911757;0.046994304;0.140982911;0.319561264;0;13.33054516;18.11927984;0.4949896;10.54313465;3.524714;1.240071861;0;2.474994508;52.99658274;74.55001496;14.12675563;64.26099479
0;0;0;0;9.457503273;2.289711319;0.045251212;0.135753635;0.30770824;0;13.00622327;17.67845173;0.4907896;10.40909237;3.487521;1.216010189;0;2.455459508;52.19796697;74.00072498;13.77060819;63.83955945
0;0;0;0;9.097301242;2.202504511;0.043527757;0.130583271;0.295988749;0;12.66448045;17.21394455;0.4879593;10.28480134;3.449753;1.196664353;0;2.433704163;51.41602898;73.72747456;13.3915651;65.30779679
0;0;0;0;8.780617769;2.125833776;0.042012525;0.126037576;0.285685171;0;12.33113019;16.76084481;0.4852022;10.17528721;3.418231;1.179789716;0;2.409934359;50.5888942;72.72653605;13.00552376;65.98725634
0;0;0;0;8.527566783;2.0645688;0.040801755;0.122405265;0.277451934;0;11.98840187;16.29499813;0.4811682;10.06134752;3.398191;1.166468738;0;2.385571117;49.59514834;70.96737304;12.5973168;65.32429399
0;0;0;0;8.30930846;2.011727311;0.039757457;0.11927237;0.270350706;0;11.66630529;15.85719471;0.4763249;9.959484385;3.389516;1.155774196;0;2.362386677;48.36749653;68.81559832;12.21043633;63.88703672
0;0;0;0;8.10994392;1.963460107;0.038803559;0.116410678;0.263864204;0;11.33161985;15.40228015;0.4697921;9.824842021;3.384003;1.142373502;0;2.347066295;47.21639576;66.42832652;11.84824572;62.00605795
0;0;0;0;7.99184853;1.934868591;0.03823851;0.114715529;0.260021866;0;11.0010989;14.9530261;0.4633476;9.686374164;3.391129;1.125620536;0;2.328843317;46.0321062;64.00875703;11.51741629;60.00681578
0;0;0;0;7.999058486;1.93661416;0.038273007;0.114819021;0.260256448;0;10.664061;14.494914;0.4557016;9.550006578;3.40697;1.1076047;0;2.305731543;44.94087868;61.61053117;11.20514366;58.24535599
0;0;0;0;7.972658953;1.930222694;0.038146694;0.114440081;0.259397516;0;10.32953452;14.04021548;0.4495268;9.40726317;3.436119;1.091585962;0;2.278485889;43.8922629;59.36136035;10.90261443;56.64986844
0;0;0;0;7.873272476;1.906160705;0.03767116;0.113013481;0.256163889;0;9.987823482;13.57575152;0.443653;9.272170748;3.473228;1.076708423;0;2.248741338;42.86157574;57.64558801;10.60943847;55.25417566
0;0;0;0;7.710364434;1.86671981;0.036891696;0.110675088;0.250863532;0;9.686771896;13.1665531;0.4362512;9.121176275;3.495324;1.059682744;0;2.225427714;41.89743295;59.33432762;10.34175292;54.28585675
0;0;0;0;7.519023281;1.82039511;0.035976188;0.107928564;0.244638078;0;9.416270529;12.79887947;0.4299922;9.010461998;3.517467;1.04275776;0;2.211015656;40.88725947;62.63729149;10.08474605;54.23440357
0;0;0;0;7.338219757;1.776621625;0.035111099;0.105333298;0.238755475;0;9.153017289;12.44105771;0.4233638;8.829163617;3.530143;1.020634448;0;2.199009644;39.97740287;63.14105454;9.889667576;54.62885281
0;0;0;0;7.173869724;1.736831617;0.034324736;0.102974207;0.233408202;0;8.879432289;12.06919271;0.4165909;8.701797192;3.54348;0.997550347;0;2.193721186;39.13959431;61.91099856;9.7029584;54.40287353
0;0;0;0;7.025233698;1.700846053;0.033613558;0.100840675;0.228572197;0;8.589602583;11.67524742;0.4103135;8.581931734;3.544949;0.978645047;0;2.194488214;38.37550155;61.21013651;9.504575216;54.73583267
0;0;0;0;6.922963238;1.676085837;0.033124226;0.099372678;0.225244737;0;8.306544154;11.29050585;0.4061979;8.492970261;3.552085;0.961581609;0;2.19269579;37.66903055;61.35490754;9.318797717;55.60098725
0;0;0;0;6.821136468;1.65143304;0.032637017;0.09791105;0.221931713;0;8.037346178;10.92460382;0.4014205;8.426361672;3.554885;0.951373754;0;2.188880833;37.02743613;62.14835332;9.123605577;58.06797191
0;0;0;0;6.712691328;1.6251779;0.03211814;0.096354421;0.218403354;0;7.793230536;10.59279446;0.3980809;8.366578962;3.576022;0.940847035;0;2.18125092;36.41094178;63.6406221;8.918209505;62.19643043
0;0;0;0;6.624729859;1.603881966;0.031697272;0.095091816;0.21554145;0;7.578743202;10.3012568;0.3938153;8.303720856;3.596239;0.932183155;0;2.176765823;35.83055484;64.43671465;8.763824531;63.77645746
0;0;0;0;6.537988536;1.582881435;0.031282242;0.093846725;0.212719244;0;7.391468134;10.04670687;0.3907078;8.264565806;3.631063;0.92622123;0;2.171303774;35.3405615;63.98363397;8.571098249;63.64688297
0;0;0;0;6.45631267;1.563107278;0.030891448;0.092674345;0.210061848;0;7.242945113;9.844829887;0.389664;8.20860859;3.698825;0.920716625;0;2.163774785;34.94104514;63.38175931;8.386856534;63.07803938
0;0;0;0;6.424145172;1.555319357;0.030737537;0.09221261;0.20901525;0;7.125544532;9.685255468;0.3872952;8.152651374;3.790727;0.915140694;0;2.157630485;34.59948409;62.55706574;8.203262712;62.47992809
0;0;0;0;6.43386937;1.557673637;0.030784064;0.092352192;0.209331635;0;7.063267863;9.600607137;0.3851797;8.075766458;3.948195;0.91201918;0;2.149011509;34.28427394;61.2001014;8.012468148;61.90852539
0;0;0;0;6.449657326;1.561495984;0.030859604;0.092578813;0.20984531;0;7.058022508;9.593477492;0.3812278;7.996331214;4.106327;0.909912997;0;2.135051593;34.0977329;60.05832003;7.828771917;60.90068511
0;0;0;0;6.483636557;1.569722535;0.031022184;0.093066553;0.210950854;0;7.075157334;9.616767666;0.3785633;7.896718368;4.23831;0.905478265;0;2.118835;34.00608847;58.75467831;7.644998235;59.8559331
0;0;0;0;6.492510349;1.571870927;0.031064643;0.093193928;0.211239571;0;7.089176737;9.635823263;0.3744278;7.790054613;4.352447;0.903514732;0;2.097499501;33.78719253;57.80824939;7.475271035;59.11797447
0;0;0;0;6.434387008;1.55779896;0.030786541;0.092359622;0.209348477;0;7.090702659;9.637897341;0.3679773;7.658262617;4.449787;0.901840694;0;2.069991443;33.83180561;57.05354958;7.310544707;63.21898327
0;0;0;0;6.3213201;1.530424866;0.030245551;0.090736652;0.205669745;0;7.066001805;9.604323195;0.3610469;7.520469847;4.524977;0.900640757;0;2.03428022;34.02801976;57.0150824;7.194318935;67.19522161
0;0;0;0;6.1855141;1.497545519;0.029595761;0.088787284;0.201251176;0;7.026296057;9.550353943;0.3529294;7.354203405;4.57526;0.894276057;0;1.988807551;34.13058814;56.81094092;7.088689761;66.27828175
0;0;0;0;6.029557195;1.459787531;0.028849556;0.086548668;0.196176981;0;6.974255778;9.479619222;0.3443895;7.190652313;4.584575;0.887126782;0;1.946225368;34.70472092;57.78514527;6.966150705;64.07083858
0;0;0;0;5.905878711;1.429844319;0.028257793;0.084773379;0.192152992;0;6.903395801;9.383304199;0.3378913;7.060097977;4.557979;0.878928612;0;1.906372191;35.53010453;59.44629866;6.842157951;62.12235431
0;0;0;0;5.787709373;1.401234901;0.027692389;0.083077168;0.188308248;0;6.835142606;9.290532394;0.3298393;6.912126394;4.521624;0.871628297;0;1.870156344;35.84356351;61.70400508;6.71457411;60.27847581
0;0;0;0;5.749404168;1.391961009;0.027509111;0.082527333;0.187061954;0;6.762883867;9.192316133;0.321817;6.756893875;4.481214;0.862528076;0;1.838554777;36.42144879;61.78026844;6.594949261;58.22286426
0;0;0;0;5.728217988;1.386831723;0.027407742;0.082223225;0.186372643;0;6.683059101;9.083815899;0.3146818;6.60145883;4.431587;0.85425858;0;1.817845012;37.40743948;60.19348191;6.476540871;56.08726862
0;0;0;0;5.695200085;1.378837915;0.027249761;0.081749284;0.185298376;0;6.595731888;8.965118112;0.3073731;6.453869797;4.364869;0.843908076;0;1.812027708;37.87183242;59.20017518;6.369573757;53.96757054
0;0;0;0;5.696161412;1.379070658;0.027254361;0.081763082;0.185329654;0;6.508849736;8.847025264;0.3003727;6.311786474;4.305123;0.834300189;0;1.817647199;38.88550824;58.7562506;6.263992962;52.14416728
0;0;0;0;5.685993525;1.376608959;0.027205711;0.081617132;0.184998832;0;6.428389169;8.737660831;0.2946849;6.170850799;4.252331;0.824339874;0;1.827424792;40.20955765;60.03455971;6.134059114;51.12634904
0;0;0;0;5.648982415;1.367648374;0.027028624;0.081085872;0.183794643;0;6.349359154;8.630240846;0.2891691;6.058553817;4.216641;0.814442492;0;1.841521965;40.77893725;69.17133989;6.04334615;51.42473999
0;0;0;0;5.637002795;1.364748045;0.026971305;0.080913916;0.183404876;0;6.277609056;8.532715944;0.2841674;5.982388995;4.190243;0.805442965;0;1.868521362;41.10115207;75.97266722;5.947427029;51.84794403
0;0;0;0;5.676602095;1.374335244;0.027160776;0.081482327;0.184693274;0;6.201980574;8.429919426;0.2795027;5.893082477;4.17298;0.796376309;0;1.892497053;41.29778317;75.18685487;5.853468182;51.36968054
0;0;0;0;5.779242296;1.399184977;0.027651877;0.082955631;0.188032764;0;6.127337583;8.328462417;0.2749832;5.834589934;4.152327;0.789999022;0;1.905572867;43.86332694;75.13173365;5.754323235;50.51836347
0;0;0;0;5.876558221;1.422745675;0.028117503;0.08435251;0.191199023;0;6.06146864;8.23893136;0.271174;5.768731441;4.115283;0.785463596;0;1.919221934;47.23782672;79.06546498;5.656672048;50.13317577
0;0;0;0;5.896783073;1.427642218;0.028214273;0.084642819;0.191857057;0;6.005168497;8.162406503;0.267759;5.689341203;4.078195;0.798117476;0;1.944977938;48.25417098;80.01399895;5.561934998;50.23622253
0;0;0;0;5.848162085;1.415870821;0.027981637;0.08394491;0.19027513;0;5.952937477;8.091412523;0.263453;5.6458956;4.025077;0.8269747;0;1.978307337;49.66878076;78.53117984;5.45837438;49.83440076
0;0;0;0;5.761642607;1.394924;0.027567668;0.082703004;0.187460142;0;5.900134237;8.019640763;0.2604787;5.60145987;3.959705;0.872459022;0;2.010369121;51.63567542;76.71049768;5.357386997;49.71209223
0;0;0;0;5.687065775;1.376868556;0.027210841;0.081632523;0.185033719;0;5.842339962;7.941085038;0.2574379;5.532383461;3.886884;0.916063722;0;2.030961813;51.8655787;74.14674292;5.241619742;49.4963577
0;0;0;0;5.651496656;1.368257085;0.027040654;0.081121962;0.183876446;0;5.788773761;7.868276239;0.2525633;5.467012531;3.818124;0.948864795;0;2.041546804;50.94021176;70.95788837;5.153495469;48.97007331
0;0;0;0;5.615890564;1.359636663;0.02687029;0.080610869;0.18271797;0;5.750434985;7.816165015;0.2474445;5.372920397;3.742705;0.967568707;0;2.040388187;49.42094887;67.59866306;5.055476824;48.53626313
0;0;0;0;5.575773626;1.349924141;0.026678343;0.080035028;0.18141273;0;5.726942153;7.784232847;0.24196;5.281543613;3.667173;0.977218549;0;2.027800849;47.50033506;64.34015496;4.959935832;48.18902977
0;0;0;0;5.5244905;1.337508226;0.026432969;0.079298907;0.179744189;0;5.71359034;7.76608466;0.2371034;5.183768504;3.596031;0.97712205;0;2.005577212;45.42970458;61.86641642;4.867514211;47.98966329
0;0;0;0;5.452945547;1.320186817;0.026090649;0.078271946;0.17741641;0;5.711237878;7.762887122;0.2319163;5.075972102;3.537593;0.971818833;0;1.977681603;43.36741299;59.97537893;4.766684018;47.905831
0;0;0;0;5.365723561;1.299069915;0.025673318;0.077019955;0.174578566;0;5.731043066;7.789806934;0.226105;4.966142938;3.479434;0.959013912;0;1.942971553;41.56229285;58.58451845;4.672837269;59.33582507
0;0;0;0;5.260421222;1.273575664;0.02516948;0.075508439;0.171152461;0;5.746461231;7.810763769;0.2218258;4.867347698;3.437537;0.944832839;0;1.904184142;39.97957098;57.26487154;4.578168551;66.155528
0;0;0;0;5.136077203;1.243471323;0.024574532;0.073723596;0.167106818;0;5.771861465;7.845288535;0.2156631;4.757533536;3.395186;0.930878328;0;1.861646366;38.62033145;56.4916973;4.487146296;66.54062098
0;0;0;0;5.001787142;1.210958992;0.023931996;0.071795988;0.162737572;0;5.800726813;7.884523187;0.2107338;4.656900558;3.35283;0.914523943;0;1.821954669;37.42503454;55.59438019;4.408663831;64.31364914
0;0;0;0;4.875002831;1.180263843;0.023325372;0.069976117;0.158612532;0;5.827335068;7.920689932;0.2053793;4.558652888;3.326064;0.896348675;0;1.787829983;36.22398381;54.06796171;4.330656942;62.02808465
0;0;0;0;4.762490535;1.153024024;0.022787036;0.068361108;0.154951845;0;5.845995816;7.946054184;0.1995931;4.456272185;3.299048;0.878043344;0;1.756886445;34.97965421;52.19745158;4.244311431;61.74151519
0;0;0;0;4.795952128;1.161125252;0.022947139;0.068841418;0.156040548;0;5.856486526;7.960313474;0.1952496;4.362075037;3.270666;0.858731073;0;1.724170669;33.68404043;50.17259559;4.169446584;61.80113278
0;0;0;0;5.315956374;1.287021017;0.025435198;0.076305594;0.172959346;0;5.875179063;7.985720937;0.1908755;4.289233144;3.24546;0.839901293;0;1.694963038;32.44988429;48.25700507;4.115112259;60.7284998
0;0;0;0;6.058286098;1.46674295;0.028987015;0.086961044;0.197111701;0;5.900833618;8.020591382;0.1874139;4.201089276;3.22611;0.821503659;0;1.669752028;31.21130853;46.80195533;4.051333632;59.10475518
0;0;0;0;6.61910979;1.602521318;0.031670382;0.095011145;0.215358596;0;5.938727334;8.072097666;0.1839241;4.128997479;3.211543;0.802736814;0;1.646317294;30.09623178;45.62849201;4.018955642;57.09254532
0;0;0;0;6.921780066;1.675799384;0.033118565;0.099355695;0.225206241;0;5.978560242;8.126239758;0.1804116;4.054227837;3.211491;0.785400662;0;1.624537727;29.04519772;45.27331464;3.962738572;54.53472107
0;0;0;0;7.032628525;1.70263638;0.03364894;0.100946821;0.228812794;0;6.004024056;8.160850944;0.1770387;3.972174755;3.209941;0.768966562;0;1.603678594;28.05161864;47.6140176;3.901498983;51.89899425
0;0;0;0;7.118630365;1.723457878;0.034060432;0.102181297;0.23161094;0;6.020745612;8.183579388;0.1739651;3.913697214;3.215903;0.753522618;0;1.586376049;27.07530106;51.68396915;3.860238104;49.42119822
0;0;0;0;7.258725365;1.757375615;0.034730743;0.10419223;0.236169055;0;6.047194917;8.219530083;0.170964;3.845618435;3.226593;0.739559716;0;1.570869966;26.1787033;52.75626576;3.81246858;47.22954737
0;0;0;0;7.488186852;1.812929448;0.035828645;0.107485936;0.243634788;0;6.111251828;8.306598172;0.168056;3.779497408;3.247087;0.724829022;0;1.559590613;25.30178533;52.45042233;3.767259138;45.71572707
0;0;0;0;7.801394756;1.88875873;0.037327248;0.111981743;0.253825284;0;6.197053119;8.423221881;0.1651981;3.712258736;3.274129;0.711239527;0;1.549211509;24.46614487;52.91066824;3.725154341;44.63362328
0;0;0;0;8.093564377;1.959494533;0.038725188;0.116175565;0.263331281;0;6.294044502;8.555055498;0.1625433;3.646497756;3.301504;0.696299054;0;1.536426358;23.69254578;53.13460741;3.687282062;43.77566982
0;0;0;0;8.23465768;1.993653965;0.039400276;0.118200828;0.267921877;0;6.402353134;8.702271866;0.1598875;3.580946802;3.335059;0.683288549;0;1.522866104;22.94271254;52.41296096;3.644530406;43.2371024
0;0;0;0;8.272556169;2.002829388;0.039581608;0.118744825;0.269154938;0;6.505734313;8.842790687;0.1580696;3.519176336;3.377985;0.671167508;0;1.510210137;22.2432462;51.57506379;3.608519653;42.98445923
0;0;0;0;8.323210735;2.015093125;0.039823975;0.119471924;0.270803029;0;6.589596412;8.956778588;0.1559211;3.445471831;3.420681;0.658786341;0;1.498192014;21.63575786;50.11341561;3.563523293;42.75777926
0;0;0;0;8.351458975;2.021932173;0.039959134;0.119877402;0.27172211;0;6.661823361;9.054951639;0.1531841;3.393677652;3.497443;0.645305931;0;1.487703911;21.06070781;48.22027964;3.566323249;42.32413352
0;0;0;0;8.327166967;2.01605095;0.039842904;0.119528712;0.270931748;0;6.74536756;9.16850744;0.1507364;3.333812432;3.608112;0.63178776;0;1.476602186;20.53335622;46.46359963;3.523491283;42.08865847
0;0;0;0;8.25495648;1.998568411;0.039497399;0.118492198;0.268582316;0;6.835587666;9.291137334;0.148903;3.275139865;3.74249;0.619939432;0;1.46462847;20.05637155;45.76270629;3.486417187;42.59779612
0;0;0;0;8.136824116;1.969967944;0.038932173;0.116796518;0.264738775;0;6.919004705;9.404520295;0.1490538;3.247701327;4.05773;0.609077066;0;1.455109245;19.63175513;48.29281706;3.471228034;45.22504707
0;0;0;0;7.994806461;1.935584722;0.038252662;0.114757987;0.260118105;0;7.003025755;9.518724245;0.1497915;3.217772467;4.517942;0.601025741;0;1.44758833;19.24491389;56.28227139;3.448778631;50.69904442
0;0;0;0;7.831528677;1.896054311;0.037471429;0.112414287;0.254805718;0;7.109236246;9.663088754;0.1486941;3.205200846;4.913925;0.593163218;0;1.440180451;18.89843289;59.72519258;3.442698987;53.16775249
0;0;0;0;7.659894739;1.854500831;0.036650214;0.109950642;0.249221456;0;7.200505423;9.787144577;0.1491524;3.184955735;5.245751;0.588208233;0;1.433341788;18.56370973;60.31010357;3.436661;53.65047345
0;0;0;0;7.520613169;1.82078003;0.035983795;0.107951385;0.244689806;0;7.268663248;9.879786752;0.1482012;3.174004323;5.503721;0.583563722;0;1.423600529;18.22581779;59.43957138;3.44435523;53.47691253
0;0;0;0;7.420746028;1.79660167;0.035505962;0.106517886;0.241440541;0;7.32353284;9.95436716;0.1483538;3.155311912;5.705457;0.580047823;0;1.412829836;17.93445687;57.75527184;3.455709483;52.69311327
0;0;0;0;7.309971518;1.769782578;0.03497594;0.104927821;0.237836394;0;7.351953127;9.992996873;0.148897;3.13568188;5.860231;0.577236782;0;1.402478991;17.68037081;55.67879302;3.454497334;51.48053763
0;0;0;0;7.18107968;1.738577186;0.034359233;0.103077699;0.233642784;0;7.351953127;9.992996873;0.1472776;3.116329385;5.980498;0.572940505;0;1.391211748;17.45271903;53.62979892;3.472603913;49.99391183
0;0;0;0;7.076442876;1.713244065;0.033858578;0.101575735;0.230238333;0;7.33437324;9.96910176;0.1472982;3.096151783;6.065262;0.568619054;0;1.382516069;17.32388314;51.94027994;3.48961307;48.43564675
0;0;0;0;7.031445353;1.702349927;0.033643279;0.100929838;0.228774299;0;7.309831337;9.935743663;0.1463456;3.089438417;6.137839;0.564368927;0;1.375039562;17.30695519;50.45360895;3.509649018;46.99961334
0;0;0;0;7.039098999;1.704202915;0.0336799;0.101039699;0.229023317;0;7.267169116;9.877755884;0.1466369;3.08659555;6.166183;0.559577571;0;1.37219752;17.55395319;49.46054634;3.524941061;45.88929995
0;0;0;0;7.047011464;1.706118565;0.033717758;0.101153275;0.229280756;0;7.210582863;9.800842137;0.1469291;3.098087032;6.193105;0.555843502;0;1.371987596;17.83589116;49.61347855;3.530742469;45.02678502
0;0;0;0;7.018874146;1.699306372;0.03358313;0.10074939;0.228365283;0;7.154727779;9.724922221;0.1474097;3.124887989;6.215789;0.552784921;0;1.373586245;18.0667951;50.85263;3.535654207;44.11369306
0;0;0;0;6.968515373;1.687114248;0.033342179;0.100026536;0.226726816;0;7.102115279;9.653409721;0.1482018;3.214314521;6.220262;0.55317511;0;1.37473275;18.26851292;52.52624159;3.514351576;43.13244856
0;0;0;0;6.893938542;1.669058805;0.032985352;0.098956056;0.224300393;0;7.03967966;9.56854534;0.1475135;3.29642761;6.214142;0.554975016;0;1.371866487;18.38459031;53.53378146;3.506919552;42.0787203
0;0;0;0;6.829492623;1.653456109;0.032676998;0.098030995;0.222203588;0;6.975273059;9.481001941;0.1461837;3.369427024;6.197997;0.557110568;0;1.367643794;18.46714535;54.17598254;3.484432899;40.98290831
0;0;0;0;6.865653328;1.662210806;0.032850016;0.098550048;0.223380108;0;6.909531276;9.391643724;0.1451429;3.437160759;6.169553;0.557479779;0;1.361451049;18.43070439;54.73372845;3.466918822;39.81477439
0;0;0;0;6.963597813;1.685923681;0.03331865;0.099955949;0.226566819;0;6.841437032;9.299087968;0.1465778;3.500506429;6.133274;0.555864479;0;1.354483203;18.30920672;54.33321815;3.439708808;38.62781149
0;0;0;0;7.077626048;1.713530517;0.033864239;0.101592718;0.230276828;0;6.778588142;9.213661858;0.1463952;3.539016395;6.092041;0.554278549;0;1.344762128;18.18845955;53.3161006;3.399959604;37.41880249
0;0;0;0;7.333856809;1.775565333;0.035090224;0.105270672;0.238613523;0;6.72384571;9.13925429;0.1443962;3.558083854;6.038403;0.552986309;0;1.336449963;18.01892986;52.19527439;3.369911016;36.26324954
0;0;0;0;7.571267735;1.833043767;0.036226161;0.108678484;0.246337898;0;6.684394282;9.085630718;0.1435357;3.578629003;5.989298;0.547544637;0;1.32853746;17.7873588;51.29314567;3.331954377;35.1192757
0;0;0;0;7.767674345;1.880594841;0.037165906;0.111497718;0.25272816;0;6.657595287;9.049204713;0.1418611;3.579956675;5.929304;0.542828801;0;1.321375838;17.5734662;50.16090214;3.304325776;33.96813578
0;0;0;0;8.017841347;1.941161589;0.038362877;0.115088632;0.260867565;0;6.640333301;9.025741699;0.1408067;3.565944868;5.870998;0.536090694;0;1.316830186;17.36015732;49.09109354;3.280490477;32.88649459
0;0;0;0;8.645847044;2.093205074;0.041367689;0.124103068;0.281300287;0;6.62907963;9.01044537;0.1389583;3.559494036;5.810726;0.529079874;0;1.321880462;17.15076772;48.4682644;3.256976427;31.81618877
0;0;0;0;9.248488483;2.239107738;0.044251141;0.132753423;0.300907759;0;6.69205568;9.09604432;0.1383735;3.548250086;5.747705;0.521133438;0;1.330014999;16.96506058;49.40007669;3.228015662;30.9398419
0;0;0;0;10.17909051;2.464411386;0.048703782;0.146111347;0.33118572;0;6.806976639;9.252248361;0.1374639;3.543066917;5.678518;0.514533785;0;1.337616654;16.79703189;51.36682428;3.199231511;30.3480821
0;0;0;0;12.30244118;2.978485759;0.058863355;0.176590065;0.400270813;0;6.921770438;9.408279562;0.1355747;3.541821757;5.617275;0.507686593;0;1.346425368;16.6109078;52.200877;3.185276596;29.85787798
0;0;0;0;14.10788823;3.415593992;0.067501858;0.202505573;0.459012631;0;7.035483376;9.562841624;0.1353692;3.532955613;5.555215;0.501498107;0;1.358076125;16.48082107;52.10154646;3.165191858;29.33466688
0;0;0;0;14.50650639;3.512101546;0.069409121;0.208227364;0.471982026;0;7.17628142;9.75421858;0.1328666;3.523399381;5.492253;0.494932019;0;1.369868176;16.34823267;51.68030138;3.136165388;28.82222694
0;0;0;0;14.26650727;3.453996497;0.0682608;0.204782401;0.464173442;0;7.335199781;9.970225219;0.1325854;3.523369377;5.429104;0.488722555;0;1.378769742;16.30929004;51.47050124;3.121695499;28.31177998
0;0;0;0;13.81753034;3.345296819;0.066112585;0.198337756;0.44956558;0;7.494372462;10.18657754;0.1313351;3.512898027;5.361334;0.483461293;0;1.388720925;16.30528738;51.54729609;3.114206855;27.82418355
0;0;0;0;13.52658087;3.27485642;0.064720483;0.194161448;0.440099282;0;7.643880974;10.38979403;0.1298442;3.511187806;5.30167;0.478812587;0;1.397360086;16.38525736;51.23046723;3.122659164;27.41038359
0;0;0;0;13.2983765;3.219606942;0.063628596;0.190885787;0.432674451;0;7.779560823;10.57421418;0.1292618;3.509620104;5.249935;0.474839369;0;1.402648544;16.70847285;50.35480192;3.147298518;27.0180276
0;0;0;0;13.07105951;3.164572303;0.062540955;0.187622864;0.425278491;0;7.893973142;10.72972686;0.1295489;3.502029125;5.203718;0.472993312;0;1.404917333;17.18612463;49.59107192;3.227759115;26.64488469
0;0;0;0;12.95325992;3.136052401;0.06197732;0.185931961;0.421445777;0;7.990519464;10.86095554;0.1295489;3.5026142;5.16575;0.470694132;0;1.402604137;17.91194186;49.97953443;3.383535444;26.31639886
0;0;0;0;12.84022998;3.108687259;0.061436507;0.184309521;0.417768248;0;8.068182508;10.96651749;0.1293488;3.509507589;5.134672;0.46894877;0;1.401227523;18.78677511;53.74876763;3.554817698;26.68514707
0;0;0;0;12.67717404;3.069210558;0.060656335;0.181969005;0.412463079;0;8.150582266;11.07851773;0.1284783;3.732766381;5.109555;0.468189369;0;1.404025158;19.78168842;60.6085777;3.698475126;28.93050346
0;0;0;0;12.4888278;3.02361094;0.059755157;0.179265471;0.406335067;0;8.269858459;11.24064154;0.1304718;4.078230933;5.150595;0.469649432;0;1.418081962;20.67920346;64.16630625;3.839166819;31.11659887
0;0;0;0;12.28672717;2.974681315;0.058788168;0.176364505;0.399759544;0;8.592018625;11.67853137;0.1290645;4.496544879;5.261846;0.471092713;0;1.437354557;21.68003738;65.77990156;3.915671685;32.54068481
0;0;0;0;12.09753052;2.928875809;0.057882921;0.173648763;0.393603864;0;9.29159003;12.62940997;0.1296328;5.085235797;5.375806;0.473710757;0;1.455282835;22.9038533;67.0725587;3.998564942;33.4585165
0;0;0;0;11.92597053;2.887340233;0.05706206;0.17118618;0.388022008;0;10.01538544;13.61321456;0.1324019;5.788353972;5.481303;0.478388833;0;1.470663772;24.17778596;68.63298653;4.069787004;34.02973134
0;0;0;0;11.86307752;2.872113505;0.056761136;0.170283409;0.385975728;0;10.57969026;14.38023474;0.1341458;6.413657111;5.583819;0.482907476;0;1.484522762;25.29586471;69.5826158;4.11212327;34.53879638
0;0;0;0;11.88001168;2.876213353;0.056842161;0.170526483;0.386526696;0;10.98838289;14.93574211;0.1359202;6.875379155;5.712183;0.4878247;0;1.494627351;26.27268262;69.74700996;4.174198667;34.94796729
0;0;0;0;11.8469568;2.868210593;0.056684004;0.170052011;0.385451226;0;11.36035804;15.44134196;0.1376719;7.210507374;5.850321;0.492410473;0;1.499181077;27.31446051;69.65057693;4.241353265;35.16478505
0;0;0;0;11.69554771;2.831553657;0.055959558;0.167878675;0.380524997;0;11.64471986;15.82785514;0.139233;7.44519764;6.002634;0.497440978;0;1.499734145;28.52560131;69.60316634;4.310731605;35.2326191
0;0;0;0;11.45074196;2.772284895;0.054788239;0.164364717;0.372560025;0;11.7998552;16.0387198;0.1395616;7.60020513;6.1638;0.502836498;0;1.495075457;29.81913037;69.2238263;4.391717689;35.29124005
0;0;0;0;11.15812865;2.701441673;0.053388175;0.160164526;0.363039592;0;11.85507449;16.11377551;0.1421704;7.696817589;6.320631;0.508051609;0;1.487877502;30.89960071;68.2862643;4.508850548;35.19678484
0;0;0;0;10.90082564;2.63914726;0.05215706;0.156471181;0.354668011;0;11.85230875;16.11001625;0.1419563;7.765076392;6.44827;0.51265836;0;1.478281574;31.81245932;66.93066232;4.594361905;35.167706
0;0;0;0;10.72383045;2.596295793;0.051310194;0.153930581;0.348909316;0;11.83053258;16.08041742;0.1446811;7.784353878;6.564186;0.516547666;0;1.467062775;32.62850337;65.47168853;4.755604753;35.19007858
0;0;0;0;10.52827425;2.548950607;0.050374518;0.151123554;0.342546722;0;11.78275217;16.01547283;0.144723;7.78847941;6.657349;0.520575426;0;1.454499659;33.33864349;63.98321936;4.909214437;35.33503476
0;0;0;0;10.28601971;2.490299508;0.049215405;0.147646216;0.334664756;0;11.71039806;15.91712694;0.1463399;7.791779835;6.741244;0.524254953;0;1.440628557;34.33689235;62.55821659;5.11637274;35.67403362
0;0;0;0;10.01289177;2.424173796;0.047908573;0.143725719;0.325778297;0;11.60835206;15.77842294;0.1466677;7.798830745;6.825868;0.52689817;0;1.426438533;36.89718263;61.48908805;5.38109992;35.95453431
0;0;0;0;9.725417861;2.354574851;0.0465331;0.139599299;0.316425079;0;11.48754995;15.61422505;0.1472462;7.847211984;6.893612;0.532448927;0;1.411315964;40.21614537;61.03760053;5.641167958;36.24531885
0;0;0;0;9.433581007;2.283919612;0.045136751;0.135410254;0.306929908;0;11.34827782;15.42492218;0.1478113;7.918696203;6.943891;0.538771672;0;1.396754537;42.94805006;61.27151783;5.893326041;37.10134414
0;0;0;0;9.161784135;2.218116159;0.043836288;0.131508863;0.298086757;0;11.20058134;15.22416866;0.1481997;7.985454812;6.974969;0.546403438;0;1.381761152;45.26200944;62.32106607;6.133828205;38.55379663
0;0;0;0;8.893204012;2.153091498;0.042551215;0.127653646;0.289348265;0;11.03794355;15.00310645;0.1486155;8.047487812;6.993603;0.552570946;0;1.367292576;47.17211624;63.09284796;6.359337547;40.0321757
0;0;0;0;8.664482008;2.097716697;0.041456852;0.124370555;0.281906592;0;10.87718137;14.78459363;0.1491774;8.096919186;7.012982;0.55938877;0;1.352739223;48.63584211;63.32751876;6.616221423;41.27769605
0;0;0;0;8.506417578;2.059448466;0.040700563;0.122101688;0.276763825;0;11.07110055;15.04817445;0.1489264;8.149275938;7.039459;0.565623407;0;1.339013453;49.9524699;63.12157085;6.967582296;42.27287234
0;0;0;0;8.372312387;2.026980894;0.040058911;0.120176733;0.272400594;0;11.72101593;15.93155907;0.1501826;8.178979769;7.061416;0.571270662;0;1.326349411;51.38851064;62.57845979;7.436833296;43.42805587
0;0;0;0;8.498320242;2.057488059;0.040661819;0.121985458;0.276500372;0;10.42662127;14.17217873;0.1505687;8.198032226;7.083142;0.57610817;0;1.314533138;52.97023184;61.85469714;7.986924119;44.42194739
0;0;0;0;8.616822347;2.086178042;0.041228815;0.123686445;0.280355942;0;10.31535616;14.02094384;0.1507242;8.205533193;7.105853;0.580807224;0;1.304707102;55.34614919;61.12133713;8.55709393;45.41986692
0;0;0;0;8.649174716;2.094010721;0.041383611;0.124150833;0.281408555;0;10.21826941;13.88898059;0.1511609;8.216709635;7.130155;0.586068486;0;1.295962979;60.22114934;60.50115262;9.952071122;46.59266895
0;0;0;0;8.610832537;2.084727877;0.041200156;0.123600467;0.280161059;0;10.12521999;13.76250501;0.1516599;8.233361782;7.147526;0.593070915;0;1.28946746;70.58430845;60.46071008;13.04607788;49.57239552
0;0;0;0;8.530081025;2.065177511;0.040813785;0.122441354;0.277533737;0;10.03557211;13.64065289;0.1522555;8.269666464;7.159816;0.601436909;0;1.28693223;81.96773109;62.43566844;15.86591531;57.89931457
0;0;0;0;8.448737926;2.045483919;0.040424583;0.12127375;0.274887167;0;9.957177893;13.53409711;0.1529865;8.321348129;7.215706;0.621504385;0;1.292797978;90.22515297;64.88196437;18.01295459;64.66977118
0;0;0;0;8.406291618;2.035207444;0.040221491;0.120664473;0.273506139;0;9.909302107;13.46902289;0.1538488;8.366128904;7.367667;0.646073722;0;1.304961432;96.06321186;66.63259015;19.58881956;68.78678239
0;0;0;0;8.375640059;2.027786541;0.040074833;0.120224498;0.272508863;0;9.902562621;13.45986238;0.1562676;8.400183296;7.546184;0.669401167;0;1.319769116;100.3052067;67.70977792;20.77134485;71.04803904
0;0;0;0;8.380372749;2.02893235;0.040097477;0.120292432;0.272662845;0;9.920778308;13.48462169;0.1576547;8.425611575;7.722192;0.689439274;0;1.333777475;103.3914309;68.22440449;21.64468859;72.19265901
0;0;0;0;8.420230867;2.03858221;0.040288186;0.120864558;0.273959665;0;9.953108769;13.52856623;0.1598279;8.436037919;7.868935;0.706926467;0;1.346720069;105.4794897;68.43952816;22.27353652;72.69803145
0;0;0;0;8.496804302;2.057121042;0.040654566;0.121963698;0.276451049;0;10.04285202;13.65054798;0.1611208;8.436112929;7.978202;0.723729779;0;1.35585578;106.6486025;68.42839821;22.71489091;72.91485309
0;0;0;0;8.51466281;2.06144468;0.040740013;0.12222004;0.277032091;0;10.12347154;13.76012846;0.1624791;8.43131231;8.060086;0.738812902;0;1.361115979;107.2931989;68.20369326;23.08127137;74.60088498
0;0;0;0;8.46567208;2.049583767;0.040505608;0.121516824;0.275438135;0;10.16295476;13.81379524;0.1632732;8.401083412;8.106853;0.752926845;0;1.363473582;107.9036058;67.92883596;23.77288431;76.89998977
0;0;0;0;8.365287301;2.025280084;0.040025298;0.120075894;0.272172027;0;10.16581586;13.81768414;0.1662218;8.37392991;8.133561;0.76345776;0;1.365294265;108.5682156;67.68196785;24.91808967;78.02872978
0;0;0;0;8.266418462;2.001343417;0.039552241;0.118656724;0.268955242;0;10.15424429;13.80195571;0.1664084;8.344451108;8.14295;0.773585899;0;1.36874993;109.1786225;67.42160454;25.98453671;78.32527713
0;0;0;0;8.187330786;1.982195874;0.039173832;0.117521495;0.266382054;0;10.1041432;13.7338568;0.1683067;8.304695981;8.1394;0.780030315;0;1.383077211;109.9266212;67.0868481;26.87130232;78.1370357
0;0;0;0;8.083322542;1.957014931;0.038676184;0.116028553;0.262998054;0;10.06488252;13.68049248;0.1685711;8.28661865;8.12;0.786415994;0;1.405131294;111.4601436;66.83404115;27.56293752;77.6256084
0;0;0;0;7.949993808;1.924735343;0.038038248;0.114114744;0.258660086;0;10.01497217;13.61265283;0.1705274;8.275667238;8.09695;0.791899621;0;1.440269265;112.7359942;66.5812924;28.84903382;76.87308467
0;0;0;0;7.828164031;1.895239713;0.03745533;0.112365991;0.254696246;0;9.956828202;13.5336218;0.1714501;8.265015864;8.06253;0.795717603;0;1.483804178;113.6282558;66.22397597;33.29286811;75.96649915
0;0;0;0;7.69790415;1.86370311;0.036832077;0.110496232;0.250458125;0;9.889687659;13.44236234;0.1726203;8.256314742;8.02177;0.798910442;0;1.523564504;116.7378289;65.95768603;37.52388623;74.99570647
0;0;0;0;7.564501468;1.831405619;0.036193787;0.108581361;0.246117751;0;9.82791963;13.35840537;0.1739284;8.279192692;7.98014;0.802808139;0;1.569638684;122.6284228;66.06435275;40.24837665;74.11467349
0;0;0;0;7.526898772;1.822301808;0.03601387;0.108041609;0.244894314;0;9.771587696;13.2818373;0.1772379;8.311071804;7.94249;0.807280631;0;1.629741409;127.176455;66.16468113;41.79477486;73.31778284
0;0;0;0;7.432097088;1.799349821;0.035560273;0.106680819;0.241809857;0;9.713634471;13.20306553;0.1810503;8.351952076;7.93246;0.813607571;0;1.703626421;129.9716519;66.29630052;42.54040003;72.41120433
0;0;0;0;7.408655486;1.793674486;0.035448112;0.106344337;0.241047164;0;9.647352258;13.11297274;0.182878;8.384656293;7.95868;0.822174953;0;1.776780738;131.4518054;66.49969017;42.82698749;71.4503173
0;0;0;0;7.418268761;1.796001911;0.035494109;0.106482327;0.241359941;0;9.577128082;13.01752192;0.1868243;8.405583992;8.03036;0.830826246;0;1.838643591;132.0780562;66.64723164;43.97527697;70.44348413
0;0;0;0;7.319510845;1.772092099;0.035021583;0.105064749;0.238146764;0;9.490150559;12.89929944;0.1905158;8.416910453;8.22797;0.839112524;0;1.88599346;132.4057747;66.78925805;48.47700637;69.4681664
0;0;0;0;7.226483919;1.749569791;0.034576478;0.103729434;0.235120051;0;9.442783414;12.83491659;0.1934584;8.424861478;8.55841;0.846286972;0;1.921228319;133.7558415;66.89510691;52.97079229;68.55721593
0;0;0;0;7.123732796;1.724693203;0.034084846;0.102254538;0.231776952;0;9.306372394;12.64950261;0.1972052;8.427186778;8.98751;0.852190158;0;1.95753298;137.7159817;67.02843508;55.9976942;67.82672847
0;0;0;0;7.025751336;1.700971376;0.033616035;0.100848105;0.228589039;0;9.219776352;12.53179865;0.2026326;8.425611575;9.4389;0.858366057;0;2.017397522;141.0798911;67.11629959;57.72346795;67.30717859
0;0;0;0;6.971806072;1.687910944;0.033357924;0.100073771;0.226833882;0;9.648210589;13.11413941;0.2073679;8.418710685;9.81529;0.863174196;0;2.1041565;144.8515723;67.28446244;60.25314356;67.5630498
0;0;0;0;6.979644588;1.68980869;0.033395429;0.100186286;0.227088915;0;11.1079452;15.0982548;0.2128356;8.417960588;10.1625;0.867424322;0;2.20592501;153.3839275;68.03348532;62.94911006;70.80344854
0;0;0;0;7.021425362;1.699924035;0.033595337;0.10078601;0.228448289;0;10.65344313;14.48048187;0.2183104;8.497020784;10.47722;0.872605868;0;2.330635741;161.2716862;69.80249693;64.94681347;77.53145105
0;0;0;0;6.983563847;1.690757563;0.033414181;0.100242543;0.227216431;0;8.98592889;12.21394611;0.2233272;8.687245315;10.71227;0.877573438;0;2.649598413;167.7184843;71.18139091;68.57455506;82.69076584
0;0;0;0;7.059989385;1.709260588;0.033779854;0.101339561;0.229703004;0;9.012886835;12.25058816;0.2294073;8.888421259;10.87433;0.882717224;0;2.955796119;181.4476375;71.77634679;79.45719951;85.88697083
0;0;0;0;7.098997099;1.718704561;0.033966493;0.10189948;0.230972154;0;9.068201488;12.32577351;0.235452;9.079995965;10.96953;0.887995268;0;3.144586011;237.2306613;71.92438735;88.4143528;88.17223738
0;0;0;0;7.136747691;1.727844178;0.034147118;0.102441354;0.232200403;0;9.156387032;12.44563797;0.2427954;9.239691559;11.02016;0.8921447;0;3.258550272;314.4980087;71.98008597;92.36561408;90.98018443
0;0;0;0;7.27521583;1.761368043;0.034809645;0.104428935;0.236705587;0;9.242569804;12.5627802;0.249951;9.375384058;11.03732;0.895912334;0;3.322762654;384.5096853;72.00638955;94.47235716;94.14085075
0;0;0;0;7.181301525;1.738630896;0.034360294;0.103080883;0.233650002;0;9.33310781;12.68584219;0.2564674;9.483322978;11.03186;0.899419842;0;3.355664132;405.3102197;71.92552047;95.29861681;96.58472789
0;0;0;0;7.244860064;1.754018752;0.034664402;0.103993207;0.235717935;0;9.420625763;12.80479924;0.2626651;9.582035708;11.02819;0.902075647;0;3.365776795;400.2643556;71.73886169;95.32108969;97.86944035
0;0;0;0;7.283424088;1.763355306;0.034848919;0.104546757;0.23697265;0;9.525787183;12.94773782;0.2692641;9.655470179;11.01783;0.907332713;0;3.357694738;386.4568168;71.37634117;95.9898857;98.24110621
0;0;0;0;7.396934685;1.790836818;0.035392032;0.106176096;0.240665817;0;9.503597742;12.91757726;0.2732108;9.72860461;10.99035;0.915342082;0;3.333686752;369.6914727;70.8370861;97.10568998;98.09039895
0;0;0;0;7.538101935;1.825014153;0.036067473;0.10820242;0.245258819;0;9.508556986;12.92431801;0.2779764;9.783886739;10.95364;0.920301262;0;3.299348105;352.4499778;70.06635217;97.95459091;97.54168867
0;0;0;0;7.643515197;1.850535258;0.036571843;0.109715529;0.248688533;0;9.636797968;13.09862703;0.2832413;9.820116411;10.89569;0.925868801;0;3.263297774;335.5120187;69.11286312;100.3325369;97.12740632
0;0;0;0;8.019542158;1.941573364;0.038371015;0.115113045;0.260922903;0;9.649704721;13.11617028;0.287868;9.856196064;10.83095;0.930756656;0;3.250084702;319.5405372;68.05629461;102.1786368;96.96289368
0;0;0;0;8.380631568;2.028995011;0.040098716;0.120296147;0.272671266;0;9.432165544;12.82048446;0.2930701;9.867522525;10.75602;0.937230442;0;3.264125357;305.0625514;66.90382629;102.2497482;96.84171419
0;0;0;0;8.553226834;2.070781233;0.04092453;0.122773591;0.278286806;0;9.400089403;12.7768856;0.2967329;9.898951578;10.68803;0.941346309;0;3.302892583;292.6759599;65.735976;101.1690255;96.7082436
0;0;0;0;8.816334784;2.134481053;0.04218342;0.12655026;0.286847256;0;9.359843225;12.72218177;0.3119784;9.949283069;10.6312;0.947899811;0;3.386716668;281.9354659;64.60014306;99.33722421;96.34931267
0;0;0;0;8.791931854;2.128572975;0.04206666;0.126199979;0.286053285;0;9.310727628;12.65542237;0.3369027;10.1356071;10.62069;0.963570315;0;3.464541783;272.6601154;63.62685414;96.96272322;95.5601795
0;0;0;0;8.801360259;2.130855642;0.042111772;0.126335315;0.286360047;0;9.253537364;12.57768764;0.364429;10.40369167;10.6887;0.986771893;0;3.510171895;264.280362;62.81234656;94.28737542;94.55091444
0;0;0;0;8.838297421;2.139798323;0.042288504;0.126865513;0.28756183;0;9.27016355;12.60028645;0.392636;10.66570046;10.77301;1.010598612;0;3.530288222;256.1124164;62.02835667;91.39221026;93.43456313
0;0;0;0;9.64137565;2.334227789;0.046130984;0.138392952;0.313690691;0;9.971769517;13.55393048;0.415284;10.93641037;11.08606;1.03247858;0;3.531358024;248.4231233;61.22967724;88.58378361;92.1417175
0;0;0;0;10.88714521;2.635835156;0.052091604;0.156274812;0.354222906;0;11.72069803;15.93112697;0.436137;11.15798894;10.9393;1.054803281;0;3.519888932;241.6344306;60.41990448;86.39978593;90.70761712
0;0;0;0;11.84089304;2.866742526;0.056654991;0.169964972;0.385253936;0;8.981160385;12.20746461;0.455074;11.36861611;11.03519;1.076259495;0;3.504362664;236.0190202;59.54451095;84.54597425;89.21814775
0;0;0;0;12.06813608;2.921759261;0.057742278;0.173226834;0.39264749;0;8.911635589;12.11296441;0.471365;11.56116594;11.14519;1.097526909;0;3.527038444;231.0273589;58.70964131;82.66699334;87.75384958
0;0;0;0;11.9162833;2.884994905;0.05701571;0.171047129;0.387706825;0;8.855049335;12.03605066;0.492478;11.79849655;11.30013;1.120392839;0;3.562523596;228.1929692;58.01777471;80.66886498;86.49147505
0;0;0;0;11.61076602;2.811027563;0.055553904;0.166661713;0.37776655;0;8.789847983;11.94742702;0.514068;12.0866087;11.52606;1.144144038;0;3.602049777;226.7878658;57.44901343;78.55703083;85.73045762
0;0;0;0;11.49318827;2.78256137;0.054991331;0.164973994;0.373941054;0;10.4829532;14.2487468;0.536441;12.36354441;11.71128;1.16580164;0;3.706236445;224.7998737;56.94943989;76.37219307;85.83941051
0;0;0;0;11.37372483;2.753638644;0.054419736;0.163259208;0.370054205;0;11.31184645;15.37540355;0.56023;12.61032624;11.88861;1.185155868;0;3.921315223;222.3515748;56.43961601;74.14119608;86.33856141
0;0;0;0;11.30195804;2.736263525;0.054076354;0.162229063;0.367719209;0;8.657283557;11.76724144;0.583908;12.81742795;12.41369;1.203159117;0;4.208361443;219.3954373;55.86703434;71.93558489;86.47470296
0;0;0;0;11.56055514;2.798871245;0.055313661;0.165940983;0.376132895;0;9.597441911;13.04513309;0.61001;13.01957902;12.14912;1.213794921;0;4.542341723;216.572722;55.26414089;69.79969678;86.20183477
0;0;0;0;11.57560362;2.80251456;0.055385663;0.16615699;0.37662251;0;10.80330134;14.68417366;0.646602;13.22743082;12.19813;1.226423628;0;4.811972363;214.9124485;54.62893668;67.96692428;88.85852884
0;0;0;0;11.48438842;2.780430881;0.054949227;0.164847681;0.373654743;0;8.738634245;11.87781576;0.704411;13.49814073;12.31871;1.238393628;0;4.946767498;215.827225;54.04135425;66.65774488;85.45167188
0;0;0;0;11.21044705;2.714108233;0.053638503;0.160915508;0.364741818;0;8.934874101;12.1445509;0.765212;13.77192604;12.40011;1.249600032;0;4.991053291;218.2455039;53.52790062;65.65844157;86.33647305
0;0;0;0;10.86289017;2.629962884;0.051975551;0.155926653;0.353433747;0;9.042229033;12.29047097;0.817181;14.01683262;12.43839;1.26062183;0;4.982535239;220.6896334;53.16988706;65.08249542;89.01379919
